customer_key,customer_id,customer_name,segment,region_name_v1,signup_date
fb371819b161,CUST-00000,"Rodriguez, Figueroa and Sanchez",SMB,North America,2022-12-04
c0fc8a590b37,CUST-00001,Rhodes PLC,Enterprise,APAC,2022-10-08
95b08dcc92a8,CUST-00002,Johnson-Davis,Enterprise,EMEA,2023-03-16
4543e891b2dd,CUST-00003,"Johnson, Gonzalez and Santos",Enterprise,North America,2024-02-21
18046e4c2e4b,CUST-00004,Cole LLC,SMB,North America,2024-12-07
10860c2b4807,CUST-00005,Blake and Sons,SMB,LATAM,2024-08-07
b72f5fbab92c,CUST-00006,Ramirez-Lewis,Enterprise,North America,2024-10-18
97d0948b25a3,CUST-00007,Davis Inc,Enterprise,EMEA,2023-08-02
e3eb1a2c43c3,CUST-00008,Munoz-Roman,Enterprise,North America,2024-09-11
dcd3939a4216,CUST-00009,"Martinez, Nielsen and Miller",SMB,EMEA,2023-05-22
a64e7cec3a3d,CUST-00010,"Montgomery, Hensley and Ray",SMB,LATAM,2024-08-14
a09e16b50fa5,CUST-00011,Stanley LLC,Enterprise,LATAM,2025-06-17
425aca2a7b26,CUST-00012,Delacruz Group,SMB,APAC,2023-05-05
13440d248e91,CUST-00013,"Flowers, Martin and Kelly",Enterprise,EMEA,2024-07-07
2d9a97d65cf5,CUST-00014,"Zuniga, Wong and Lynch",SMB,LATAM,2023-01-08
961bf5ede0b3,CUST-00015,"Sanchez, Ford and Nelson",Mid-Market,APAC,2025-04-13
c26d3b7d5168,CUST-00016,"Hawkins, Cohen and Cameron",Enterprise,EMEA,2024-10-31
227a069fea9c,CUST-00017,Underwood LLC,Mid-Market,North America,2023-09-17
634762e2c181,CUST-00018,Clark PLC,Enterprise,LATAM,2025-02-18
9f931bb14d80,CUST-00019,Lewis-Porter,Enterprise,APAC,2025-02-27
723a9302cf6d,CUST-00020,"Ellis, Baker and Wright",Mid-Market,APAC,2024-03-10
362b3d9d5c0c,CUST-00021,Burgess-Patterson,Enterprise,LATAM,2024-04-03
7492940dae1c,CUST-00022,Robinson-Bright,SMB,North America,2024-01-13
f14462748587,CUST-00023,Campos Inc,Mid-Market,North America,2022-12-19
654c927d3dec,CUST-00024,Conner Group,SMB,APAC,2024-04-18
d947432308b5,CUST-00025,James-Ferrell,SMB,APAC,2024-02-04
b9be3dacc30f,CUST-00026,"Valencia, Smith and Le",SMB,EMEA,2024-07-20
58876afc4fe0,CUST-00027,"Potter, Mack and Peterson",SMB,North America,2023-05-22
327b8bfc1bce,CUST-00028,Chavez Ltd,Enterprise,EMEA,2025-02-18
540f2386f45e,CUST-00029,Stanton-Gill,Mid-Market,North America,2024-01-11
dd89662ae708,CUST-00030,Harrell LLC,Enterprise,North America,2025-01-11
0fa978572c1d,CUST-00031,"Lynch, Hernandez and Farmer",Mid-Market,APAC,2024-02-15
942154383264,CUST-00032,"Sellers, George and Burns",Mid-Market,APAC,2022-11-04
fc06a1ad75ec,CUST-00033,Koch-Decker,Enterprise,APAC,2023-06-06
0a2e4a321d50,CUST-00034,Allen PLC,Mid-Market,EMEA,2025-05-06
254c9ac7c99a,CUST-00035,Dennis Inc,SMB,APAC,2025-06-09
c5571432badd,CUST-00036,"Cannon, Anderson and Alvarez",SMB,North America,2024-02-27
ea45c55e1c49,CUST-00037,Rose-Obrien,SMB,EMEA,2025-05-25
10666cad13a7,CUST-00038,"Campos, Vaughn and Marquez",SMB,EMEA,2023-09-14
5636e4cfcef6,CUST-00039,"Santos, Kim and Holmes",Enterprise,LATAM,2022-11-14
0ad8184bd347,CUST-00040,Brown Inc,Mid-Market,APAC,2024-04-09
10147f67093e,CUST-00041,Chapman Inc,SMB,EMEA,2022-09-20
2e4924f7b201,CUST-00042,"Brown, Jones and Johnson",SMB,APAC,2023-07-01
119fc927c12e,CUST-00043,"Young, Caldwell and Lewis",Enterprise,EMEA,2022-11-26
ffd7314f1b59,CUST-00044,"Johnston, Sanchez and Kennedy",Enterprise,APAC,2023-09-23
b427309863eb,CUST-00045,Davis Group,Mid-Market,APAC,2023-07-27
4f978b56d50b,CUST-00046,Owens-Daniel,Enterprise,EMEA,2024-07-11
5b8fede42210,CUST-00047,"Garcia, Powell and Morgan",SMB,APAC,2025-02-02
6202d1545806,CUST-00048,Lee PLC,Enterprise,LATAM,2023-11-08
8426030cf787,CUST-00049,White-Ford,Mid-Market,LATAM,2025-02-16
145ddb49fa9d,CUST-00050,Ramos PLC,Enterprise,APAC,2022-10-20
958f04f21f17,CUST-00051,"Kidd, Huff and Novak",Enterprise,EMEA,2025-04-14
cb00c326cde3,CUST-00052,Martin Group,SMB,APAC,2023-12-14
bbee4af2f7ad,CUST-00053,Barrera-Martin,SMB,LATAM,2022-07-07
7c80be206f97,CUST-00054,Baker-Bowers,SMB,LATAM,2023-11-15
2804f4e48008,CUST-00055,Horton-Cross,Mid-Market,EMEA,2024-11-08
ef6abefb827e,CUST-00056,"Higgins, Moore and Phillips",Enterprise,LATAM,2025-05-30
f280b3fd3f85,CUST-00057,"Fitzgerald, Brown and Edwards",Enterprise,North America,2022-08-28
0de81f645af8,CUST-00058,Shaw-Farrell,Enterprise,EMEA,2022-12-24
96bbf587646d,CUST-00059,"Miller, Lopez and Larson",SMB,EMEA,2024-07-13
3399bf49212a,CUST-00060,Powell PLC,SMB,LATAM,2023-03-31
56be73aa3710,CUST-00061,"Williams, Miller and Sandoval",SMB,North America,2024-03-14
ec15ce5b25ea,CUST-00062,Donovan-Harris,Mid-Market,LATAM,2024-08-27
554ee864a7f8,CUST-00063,Baker and Sons,SMB,LATAM,2024-07-09
b3e8f6aa7ed8,CUST-00064,Bryant-Hickman,SMB,APAC,2025-04-24
9a48173fde3a,CUST-00065,Ellis PLC,SMB,North America,2025-06-29
a520194163eb,CUST-00066,Medina PLC,SMB,North America,2023-04-21
99958cf74ca8,CUST-00067,Ibarra-Suarez,SMB,APAC,2023-08-13
93546766971b,CUST-00068,Kim PLC,SMB,APAC,2024-08-13
c4b5766ac95e,CUST-00069,"Riggs, Roman and Rice",Enterprise,APAC,2024-07-05
96fbf1efe3d5,CUST-00070,"Evans, Alvarado and Mcmillan",Mid-Market,EMEA,2022-11-29
7ae1ec8148d5,CUST-00071,Preston Ltd,Mid-Market,North America,2024-03-01
f0f62be4e41e,CUST-00072,Campbell-Clark,SMB,APAC,2023-07-15
9e9aee42f487,CUST-00073,"Walters, Baker and Freeman",SMB,EMEA,2025-03-22
46e23dfe7e70,CUST-00074,Davis Group,SMB,North America,2024-12-29
fd6fe3540fdd,CUST-00075,Smith and Sons,SMB,APAC,2024-06-01
259cfa42932f,CUST-00076,Martin-Ramos,SMB,EMEA,2024-08-15
a2c6033263c5,CUST-00077,"Smith, Jones and Ware",Enterprise,APAC,2025-03-20
7f8cccb9fcf9,CUST-00078,"Johnson, Wood and Tran",Enterprise,North America,2023-10-18
4842439dcbf0,CUST-00079,Parker Inc,SMB,APAC,2025-03-15
fffbad507f43,CUST-00080,Fleming Ltd,Mid-Market,North America,2022-10-25
867d565a14b4,CUST-00081,"Henson, Russell and Oliver",Enterprise,APAC,2022-12-21
d54fa412ec36,CUST-00082,Hancock and Sons,Mid-Market,EMEA,2025-02-24
f9e94f6eec37,CUST-00083,White LLC,Enterprise,EMEA,2024-11-07
654e7b779981,CUST-00084,Pham-Shields,SMB,North America,2024-12-08
b22e7b429c0a,CUST-00085,Moore-Haynes,Enterprise,LATAM,2023-08-27
e3e0c39bfbd5,CUST-00086,Garrison and Sons,Enterprise,EMEA,2023-02-08
a8f1f397cd53,CUST-00087,Bailey-Hoover,Enterprise,LATAM,2025-02-13
a56feadbf2e4,CUST-00088,Johnson and Sons,SMB,EMEA,2023-09-14
af17a1838886,CUST-00089,Lin-Rasmussen,Mid-Market,LATAM,2023-05-06
bc00939a22c6,CUST-00090,"Hicks, Frazier and Anthony",Enterprise,EMEA,2023-07-02
ba936db6ec09,CUST-00091,Wilson LLC,SMB,APAC,2023-01-16
74e9c095761b,CUST-00092,Johnson-Carlson,Mid-Market,APAC,2023-07-18
ccc546909072,CUST-00093,Graham-Joyce,Mid-Market,LATAM,2022-11-08
ba50c5173401,CUST-00094,"Lee, Williams and Graham",Enterprise,EMEA,2024-01-25
f6055b44d7fe,CUST-00095,"Mcdaniel, Bentley and Mclaughlin",Enterprise,North America,2023-02-05
444496ef19f0,CUST-00096,Jones-Beck,Mid-Market,North America,2023-07-01
015d65ea2573,CUST-00097,Alvarado-Martinez,SMB,EMEA,2025-03-16
3e4bbca2deaf,CUST-00098,"Parker, Ortiz and Powell",SMB,EMEA,2023-05-24
73973d37dab0,CUST-00099,Lee Ltd,Enterprise,North America,2025-04-29
1b7e08d102bf,CUST-00100,"Adkins, Thompson and Carroll",SMB,North America,2023-09-22
31305889fba7,CUST-00101,Torres and Sons,Enterprise,North America,2023-10-18
034f3816818b,CUST-00102,"Lawson, Morris and Ramos",Enterprise,APAC,2024-07-13
ae87456d2806,CUST-00103,"Kennedy, Santana and Flynn",Enterprise,EMEA,2023-01-06
7cce95695253,CUST-00104,Campbell Ltd,Mid-Market,LATAM,2024-05-28
748cde6bb286,CUST-00105,Davis-Crane,Enterprise,EMEA,2023-03-19
9509000619b3,CUST-00106,Walker-Gonzalez,SMB,LATAM,2022-07-31
b37a59bea8e8,CUST-00107,Riggs PLC,Enterprise,LATAM,2025-01-20
0b178394382e,CUST-00108,Gibson Ltd,Mid-Market,EMEA,2024-03-26
68c690f6a8f3,CUST-00109,"Horton, Snyder and Sanchez",Enterprise,North America,2024-06-22
5f53f45c1684,CUST-00110,Stafford Inc,SMB,LATAM,2024-11-03
dd41ab8a40cd,CUST-00111,Thompson Ltd,Mid-Market,LATAM,2024-01-23
c5040629e97d,CUST-00112,Grant Inc,Mid-Market,LATAM,2023-11-16
4c2776480458,CUST-00113,Contreras-Travis,SMB,North America,2024-04-17
e0ac748ba43b,CUST-00114,Salazar-Ball,SMB,North America,2024-01-08
459fa76a4b8d,CUST-00115,"Griffin, Moore and Hensley",Enterprise,LATAM,2023-11-09
2793042e322d,CUST-00116,Larsen LLC,SMB,APAC,2024-10-20
84c3e681e5ba,CUST-00117,"Washington, Allen and Gonzales",Enterprise,EMEA,2024-08-24
fcac0777852a,CUST-00118,Nelson LLC,Enterprise,EMEA,2025-03-08
3a132da25e89,CUST-00119,Taylor and Sons,SMB,LATAM,2023-08-28
7777edf60436,CUST-00120,Mccarthy Inc,Enterprise,LATAM,2023-10-02
e7ab6b759a74,CUST-00121,Daniels-Perry,Enterprise,APAC,2023-02-16
68783a793ffd,CUST-00122,Price-Carrillo,Mid-Market,EMEA,2025-05-05
d0c07c721fca,CUST-00123,Gates PLC,Enterprise,LATAM,2023-08-25
37c1720bdccb,CUST-00124,Bender LLC,SMB,North America,2024-10-07
79df87ccb0ea,CUST-00125,Medina-Navarro,Enterprise,North America,2024-11-26
4a047b4edb0f,CUST-00126,Freeman LLC,Enterprise,EMEA,2023-10-25
18c31d2615e8,CUST-00127,Price Ltd,Enterprise,LATAM,2024-07-17
21894382c337,CUST-00128,Ramsey-Pittman,Mid-Market,LATAM,2025-04-06
89b8f8706d3b,CUST-00129,"Ferguson, Meadows and Vargas",Enterprise,LATAM,2024-06-29
723c02efaea9,CUST-00130,Day and Sons,Enterprise,EMEA,2025-02-08
d53a1acc4d1a,CUST-00131,Williams Group,Mid-Market,North America,2023-06-28
24366d932c58,CUST-00132,Murphy-Juarez,Mid-Market,APAC,2023-08-24
9066a74178c3,CUST-00133,King-Miller,Mid-Market,APAC,2022-07-26
0f6ffc4abb4e,CUST-00134,"Williams, Crane and Walker",Mid-Market,LATAM,2022-09-18
a76b10e0a594,CUST-00135,"Williams, Johnson and Wright",Enterprise,EMEA,2025-01-08
96c7d03cc7cd,CUST-00136,"Hernandez, Martinez and Caldwell",Mid-Market,EMEA,2024-03-13
13336abf3f47,CUST-00137,Marshall LLC,Enterprise,North America,2024-10-21
83e1b8217016,CUST-00138,Obrien Ltd,SMB,APAC,2024-08-29
7b2dd70078e9,CUST-00139,Oconnell Inc,Enterprise,North America,2024-03-29
aa2a3c8a7d2c,CUST-00140,Johnston-Odonnell,SMB,LATAM,2023-08-19
7269a70303cf,CUST-00141,"Gonzalez, Vargas and Rivas",SMB,EMEA,2023-03-27
c6fd5ae29da7,CUST-00142,"Barton, Jefferson and Burke",Enterprise,North America,2022-11-14
e37e57b93f67,CUST-00143,"Patton, Reed and Patterson",Enterprise,North America,2023-08-14
9e9a7b8d4456,CUST-00144,"Holland, Smith and Fisher",SMB,North America,2023-12-23
31ab864d6918,CUST-00145,Yu-Reid,SMB,EMEA,2024-12-28
dad819b0207d,CUST-00146,"Hernandez, Thompson and Boyd",Mid-Market,North America,2024-06-16
2c191986838c,CUST-00147,"Morton, Medina and Webb",SMB,EMEA,2023-10-24
48525ec3181c,CUST-00148,"Vargas, Morris and Sanchez",SMB,North America,2025-04-23
3150cff27a5a,CUST-00149,Keith-Sanchez,SMB,North America,2023-11-25
be7c9e834229,CUST-00150,"Barnett, Rogers and Snyder",Mid-Market,APAC,2023-06-25
d7120b1f7dd9,CUST-00151,Lewis-Salinas,Mid-Market,EMEA,2023-07-12
28322c0d1d6c,CUST-00152,"Haynes, Hill and Smith",SMB,APAC,2025-05-08
fad45530b963,CUST-00153,Allen Group,Enterprise,APAC,2023-12-21
13207bd9905f,CUST-00154,Vaughn Ltd,Mid-Market,EMEA,2024-08-22
0e80b9f7aafc,CUST-00155,Mcguire-Davis,SMB,APAC,2023-03-04
a6e86fecf342,CUST-00156,"Sanchez, Beck and Wood",Mid-Market,APAC,2024-03-02
df0659fb21d6,CUST-00157,Coleman-Reese,Enterprise,North America,2023-07-02
4e07f5f6b211,CUST-00158,"Chavez, Parker and Hall",Mid-Market,North America,2024-09-01
b0d3c4c05f29,CUST-00159,Wilson-Herrera,Enterprise,EMEA,2024-10-16
ef4722686c72,CUST-00160,Lee Ltd,SMB,APAC,2023-12-17
08fa48a83a30,CUST-00161,"Lawrence, Wolf and Carlson",Enterprise,APAC,2025-06-12
49fdd8949c29,CUST-00162,Phillips LLC,Enterprise,EMEA,2023-01-17
d824ebf91c32,CUST-00163,Erickson and Sons,Mid-Market,APAC,2023-05-01
362691ab7884,CUST-00164,Tran Ltd,Enterprise,LATAM,2025-05-03
87bda898d2da,CUST-00165,"Oneill, Henry and Salas",SMB,APAC,2024-03-24
4e8f476340d2,CUST-00166,Mendoza-Peterson,SMB,North America,2025-05-27
72ff69535329,CUST-00167,Everett-Woods,SMB,APAC,2024-12-21
fea9c201a72a,CUST-00168,Vasquez-Ray,SMB,North America,2024-07-25
f19c8ce8e31f,CUST-00169,Hernandez PLC,Enterprise,APAC,2025-05-09
cd29770f7454,CUST-00170,Mcknight Inc,Enterprise,North America,2024-03-07
669f7c70e59d,CUST-00171,Obrien-Gibbs,SMB,EMEA,2023-03-09
314bca13b9c3,CUST-00172,"James, Kerr and Evans",Mid-Market,APAC,2024-04-09
4aab89cd5624,CUST-00173,Torres-Oliver,SMB,EMEA,2024-05-02
3134fc219e76,CUST-00174,"Garcia, Farmer and Garrett",SMB,APAC,2023-04-20
8eaf256db9cb,CUST-00175,Moore and Sons,Enterprise,APAC,2024-02-29
7e2b91a7e011,CUST-00176,Smith Group,SMB,LATAM,2024-07-28
ccbdabda08d4,CUST-00177,Carter-Hall,Mid-Market,North America,2024-08-17
25e941e73e75,CUST-00178,"Heath, Jones and Hall",Enterprise,LATAM,2023-04-20
5fb8a00609f6,CUST-00179,"Lawrence, Lara and Gonzalez",Mid-Market,North America,2022-11-07
6ad2ebd0f598,CUST-00180,Holland LLC,Enterprise,APAC,2024-12-26
9d95a8072776,CUST-00181,Brown LLC,Enterprise,APAC,2024-04-16
ae0cb1cc01cb,CUST-00182,"Morse, Gonzales and Harrison",Enterprise,LATAM,2023-06-02
80c9ab92337c,CUST-00183,Bender-Mason,SMB,LATAM,2023-12-27
92e3f2730357,CUST-00184,George Group,SMB,North America,2024-09-16
e04354cb6e6c,CUST-00185,"Wright, Davis and Hayden",Enterprise,North America,2025-01-05
b3292f1c9faa,CUST-00186,"Matthews, Smith and Hubbard",SMB,EMEA,2024-12-20
a481a6e690ce,CUST-00187,"Williams, Avila and Ruiz",SMB,North America,2024-06-17
06bdae2b8a12,CUST-00188,White-Richards,Mid-Market,EMEA,2024-05-30
1d4c27fa2cca,CUST-00189,Costa-Harrison,Mid-Market,EMEA,2023-09-25
63a3a6aac2fe,CUST-00190,Santiago-Hodge,Enterprise,APAC,2023-07-01
7721e9d82d2b,CUST-00191,"Simpson, Bates and Morales",Mid-Market,North America,2024-10-14
c4306cba2120,CUST-00192,Gibson LLC,Mid-Market,EMEA,2023-04-07
a38c92a09b51,CUST-00193,Cordova Group,SMB,EMEA,2025-02-06
6d33b834a072,CUST-00194,Sandoval PLC,SMB,North America,2023-11-22
091d837da01d,CUST-00195,Lopez LLC,Mid-Market,LATAM,2024-05-16
33542777ab1f,CUST-00196,Garrett-Wolf,SMB,EMEA,2023-02-12
ca61f70758cc,CUST-00197,"Anderson, Roberts and Gilmore",Enterprise,EMEA,2023-12-17
a2068315b83c,CUST-00198,Dudley PLC,Enterprise,LATAM,2024-11-26
8ac329aaa1cf,CUST-00199,"Moore, Pierce and Tran",Enterprise,EMEA,2022-10-15
dfb2523d9ed7,CUST-00200,Murray Inc,SMB,APAC,2024-06-13
5c033d78a75b,CUST-00201,Jimenez Ltd,Mid-Market,EMEA,2023-05-20
1fd6a794f6c0,CUST-00202,"Hill, Davenport and Baird",Mid-Market,EMEA,2023-03-28
22b27fb89586,CUST-00203,"Thomas, Lee and Greene",SMB,North America,2024-09-29
e524dd9e8dde,CUST-00204,Shields LLC,Mid-Market,North America,2024-10-28
da3412d15174,CUST-00205,Morgan-French,Mid-Market,EMEA,2023-04-23
b3b790652bb8,CUST-00206,Campbell LLC,Enterprise,LATAM,2025-01-07
a0a1c998b37d,CUST-00207,"Duarte, Burns and Hernandez",Mid-Market,APAC,2024-02-14
9625f3d68a9b,CUST-00208,Cook-Hines,Enterprise,EMEA,2023-08-22
76f653c38b70,CUST-00209,Kane-Pollard,Enterprise,EMEA,2023-03-23
9c7e484ea15a,CUST-00210,Hall-Rowe,Mid-Market,APAC,2022-08-21
d979cb42d1d3,CUST-00211,"Kennedy, Mcintyre and James",Mid-Market,North America,2025-06-21
4ec165e38cb3,CUST-00212,"Pollard, Simpson and Johnson",Mid-Market,APAC,2024-01-06
4b809847111d,CUST-00213,"Rivera, Garcia and Kirk",SMB,LATAM,2022-10-22
1304f8229458,CUST-00214,Smith-Thomas,SMB,APAC,2025-02-12
89129fdf96f1,CUST-00215,Jones LLC,Enterprise,North America,2023-07-10
e0a474db921f,CUST-00216,"Sanders, Miller and Murphy",Mid-Market,EMEA,2024-07-12
ed8cb5e1ec0d,CUST-00217,"James, Stewart and Higgins",SMB,APAC,2024-10-13
1bbea2fd00cb,CUST-00218,"Johnson, Jones and Welch",Enterprise,North America,2025-04-08
aa3e31d5ef9c,CUST-00219,Francis Group,SMB,LATAM,2025-06-10
7777c6f65d80,CUST-00220,"Padilla, Garcia and Jackson",Mid-Market,APAC,2023-05-28
5f66cec42e57,CUST-00221,Williams Inc,Mid-Market,North America,2023-05-22
d749e67aa91d,CUST-00222,Jordan-Sanchez,Mid-Market,EMEA,2023-09-29
a3244963e691,CUST-00223,"Sparks, Jackson and Miller",Mid-Market,North America,2025-02-12
f45756c9ba5c,CUST-00224,"Vega, Jimenez and Aguilar",SMB,LATAM,2023-03-16
ea8452a1b6e6,CUST-00225,"King, Scott and Smith",Enterprise,EMEA,2024-12-02
770273d88b05,CUST-00226,Byrd-Moore,Mid-Market,LATAM,2023-10-31
f7e4401ef9ba,CUST-00227,Huerta-Evans,Enterprise,APAC,2025-05-23
8d77799ddc79,CUST-00228,"Wright, Bruce and Gonzalez",SMB,APAC,2023-08-30
bbef7976618c,CUST-00229,Rodriguez-James,SMB,North America,2023-08-02
2d588b6e3c3c,CUST-00230,Haney-Phillips,SMB,APAC,2025-06-09
930ecf20d80e,CUST-00231,"Foster, Smith and Grimes",SMB,APAC,2024-11-03
afaea5ca8bc2,CUST-00232,Lozano Ltd,SMB,LATAM,2023-12-30
1b0c2d5d2f7c,CUST-00233,Parsons-Hall,Mid-Market,LATAM,2024-11-29
33a7fa67e05c,CUST-00234,Fields PLC,SMB,APAC,2023-04-05
0f02268b9f3d,CUST-00235,"Saunders, Becker and Taylor",SMB,EMEA,2022-10-19
b68018ca9210,CUST-00236,"Lucas, Parker and Alexander",Enterprise,LATAM,2024-03-30
5f0d5e1c1c03,CUST-00237,"Anderson, Browning and Murphy",SMB,LATAM,2023-10-02
5485ec0182e2,CUST-00238,Anderson PLC,SMB,EMEA,2025-02-18
5ea3cb86c6b3,CUST-00239,Schmidt-Mcintyre,SMB,APAC,2024-12-30
4ab024e0f841,CUST-00240,Sloan-Raymond,Mid-Market,North America,2025-05-29
83add15c6b8f,CUST-00241,Francis-Morgan,Mid-Market,APAC,2022-11-08
eebe9293b847,CUST-00242,Taylor and Sons,Enterprise,LATAM,2025-01-31
3eaa54dc9967,CUST-00243,"Craig, Sanders and Singleton",SMB,APAC,2024-03-06
c249adc48c17,CUST-00244,Gibbs Inc,Mid-Market,LATAM,2023-04-20
b080853cfc05,CUST-00245,Gibson Ltd,Mid-Market,EMEA,2024-10-02
fc48f146d58b,CUST-00246,Richards-Carson,SMB,LATAM,2025-04-29
3e6f326efa06,CUST-00247,Leonard Group,SMB,EMEA,2022-08-01
fd21c1a72a07,CUST-00248,"Murphy, Bishop and Holland",SMB,North America,2024-05-30
d0712f953d13,CUST-00249,Blankenship-Turner,Mid-Market,APAC,2023-09-25
b700f247b6ea,CUST-00250,Williams Inc,Enterprise,EMEA,2023-06-03
42718396ea39,CUST-00251,Wilson-Young,SMB,APAC,2024-02-13
c4247773a909,CUST-00252,Chavez-Santiago,Enterprise,EMEA,2024-09-25
1078d6e6211d,CUST-00253,"Barnes, Newton and Moore",Enterprise,North America,2023-10-02
8af1f1f5000a,CUST-00254,Bass PLC,Enterprise,EMEA,2023-09-24
46c8efcd6e16,CUST-00255,Johnson-Wood,Mid-Market,North America,2023-11-02
60614ca01cb7,CUST-00256,Foley Inc,Mid-Market,LATAM,2025-06-13
18308e3d7a50,CUST-00257,Stephens-Levine,SMB,EMEA,2023-08-01
6c1945ef56f5,CUST-00258,Hill-Donaldson,SMB,LATAM,2025-05-09
00a8ecabd552,CUST-00259,Davis-Lewis,Mid-Market,LATAM,2024-06-04
d46d536eb3f2,CUST-00260,Williams LLC,Enterprise,EMEA,2023-03-28
ab54f2228b0b,CUST-00261,Buchanan and Sons,SMB,North America,2022-09-18
46b1765a5959,CUST-00262,"Clark, Robinson and Kane",Enterprise,LATAM,2023-06-29
92d94c03e7ae,CUST-00263,Kramer PLC,Enterprise,EMEA,2022-07-08
5a93bd5e5e09,CUST-00264,Huerta PLC,SMB,LATAM,2023-04-05
8983164427c1,CUST-00265,Rodriguez Inc,Enterprise,EMEA,2022-11-26
483506fbd514,CUST-00266,Tyler-Young,Enterprise,LATAM,2023-06-24
0d290c0a9d62,CUST-00267,Baker and Sons,Enterprise,LATAM,2024-09-24
cebcfecb281d,CUST-00268,"Wilson, Brown and West",SMB,APAC,2023-08-05
7fe718f13fce,CUST-00269,"Rodriguez, Gordon and Dougherty",Mid-Market,LATAM,2022-08-21
30b0cc58f318,CUST-00270,"Boyd, Ellis and Maynard",SMB,LATAM,2022-09-09
321a1fbd0e0e,CUST-00271,Boone-Simmons,Enterprise,LATAM,2022-10-31
c3d13fc7634e,CUST-00272,"Browning, Jones and Miller",Mid-Market,APAC,2024-05-01
e0d99171b9b2,CUST-00273,Martinez PLC,Enterprise,APAC,2024-05-28
62b736ad6f39,CUST-00274,"Joseph, James and Harper",SMB,LATAM,2023-05-23
0e97e3c4f00e,CUST-00275,"Jacobs, Garcia and Miles",SMB,EMEA,2025-01-23
19a6247aeb50,CUST-00276,"Rich, Arnold and Glenn",Mid-Market,LATAM,2023-10-18
3a1f30033b7d,CUST-00277,Gutierrez Group,Enterprise,APAC,2023-09-14
b59716505c37,CUST-00278,"Davis, Simmons and Ortega",Enterprise,APAC,2023-08-18
9223971c8f8d,CUST-00279,Mcdaniel Group,Mid-Market,APAC,2022-09-16
9d0ab945ff7c,CUST-00280,Davis Inc,SMB,North America,2024-09-27
d1bd6132ae89,CUST-00281,Cain-Hawkins,Enterprise,EMEA,2024-04-07
8a9144fc19eb,CUST-00282,"Hoffman, Santiago and Jenkins",Enterprise,LATAM,2025-02-15
92df9bc5ffe9,CUST-00283,Parrish-Griffith,SMB,EMEA,2025-05-30
60fdb28983f7,CUST-00284,"Edwards, Garcia and Romero",SMB,EMEA,2022-12-21
71b164393693,CUST-00285,Walker-Rodriguez,Enterprise,LATAM,2025-01-15
36f83bdde63d,CUST-00286,Wilson-Ramirez,Mid-Market,APAC,2023-03-09
4a7c2ea0b0d3,CUST-00287,Bruce-Villegas,SMB,LATAM,2024-12-17
9d129759736f,CUST-00288,"Leonard, Hawkins and Lynch",Mid-Market,North America,2024-06-24
412bfd3c4ef3,CUST-00289,"Adams, White and Park",Enterprise,LATAM,2023-06-08
c42d134c2466,CUST-00290,Bell-White,Mid-Market,North America,2022-12-08
2ba2230f3c97,CUST-00291,"Morales, Thomas and Schultz",SMB,LATAM,2022-08-07
e1e46446797d,CUST-00292,"Moreno, Bennett and Chavez",Mid-Market,North America,2022-12-24
9003c3a1030c,CUST-00293,Griffith-Frank,Mid-Market,APAC,2024-03-17
7aad796ebf79,CUST-00294,Ware and Sons,Mid-Market,LATAM,2022-12-24
bd767dc998e3,CUST-00295,"Williams, Miller and Ramos",SMB,EMEA,2023-10-12
5d3458b63516,CUST-00296,"Ramos, Nelson and Fischer",Mid-Market,EMEA,2022-11-06
b0483f590615,CUST-00297,Rodriguez-Gregory,Mid-Market,LATAM,2024-04-14
da12f2b1634d,CUST-00298,"Estrada, Williams and Foster",Mid-Market,North America,2024-04-21
bc21146bb1d7,CUST-00299,Harris and Sons,Mid-Market,APAC,2024-10-22
862b8f9d1753,CUST-00300,Roberts-Wilson,SMB,LATAM,2023-12-31
8862b36983dc,CUST-00301,Thompson-James,SMB,EMEA,2024-08-13
d73230f011f4,CUST-00302,"Hansen, Barnett and Gomez",Mid-Market,EMEA,2023-09-12
06da4359b5ca,CUST-00303,"Williams, Smith and Morse",SMB,North America,2025-02-03
10aef5110ac0,CUST-00304,"Patterson, Sullivan and Bowman",Mid-Market,North America,2023-05-18
cb1787d64838,CUST-00305,Smith-Nguyen,Enterprise,LATAM,2024-11-28
3ee9f4ca8f74,CUST-00306,"Stevens, Norris and Cox",Enterprise,LATAM,2023-10-26
42de4271e18e,CUST-00307,Sanchez PLC,Enterprise,North America,2023-09-16
8819adb6ce95,CUST-00308,Foster LLC,Mid-Market,LATAM,2024-09-28
6a086773a26c,CUST-00309,Cook and Sons,Mid-Market,EMEA,2022-09-26
882f95ad3779,CUST-00310,"Wilson, Hicks and Bullock",Mid-Market,APAC,2023-07-22
86e7e131f6b8,CUST-00311,"Mullen, Brewer and Hernandez",Mid-Market,LATAM,2022-10-25
42464fe1932d,CUST-00312,Gonzalez-Morrison,Mid-Market,LATAM,2024-10-14
34e1536da03a,CUST-00313,"Jones, Bean and Burton",Mid-Market,North America,2023-11-25
e98e954da049,CUST-00314,"Wolf, Cole and Glass",Mid-Market,North America,2024-03-14
6a7e69862153,CUST-00315,"Downs, Morris and Maddox",SMB,North America,2023-06-16
256104bcab2f,CUST-00316,Jones-Ramos,Mid-Market,EMEA,2023-06-01
dc07c5045258,CUST-00317,Vargas-Bell,SMB,North America,2022-09-24
cb829cb9dad0,CUST-00318,Hayes-Brown,SMB,North America,2024-12-31
abd42ca91a40,CUST-00319,Newman Inc,Enterprise,EMEA,2024-05-08
233e6943fed8,CUST-00320,"Cruz, Carpenter and Best",Enterprise,North America,2024-09-21
0628f4421a6f,CUST-00321,Cole PLC,SMB,EMEA,2024-06-17
8ce616222549,CUST-00322,Jacobs-Mason,Enterprise,EMEA,2025-05-18
b04248444853,CUST-00323,Garcia-Nolan,Mid-Market,North America,2023-07-16
f5be40b00429,CUST-00324,"Miller, Lucas and Williams",SMB,EMEA,2024-08-17
84a5ea951420,CUST-00325,Warren-Bishop,Mid-Market,APAC,2023-08-07
6bb517d44853,CUST-00326,Hughes-Schroeder,Mid-Market,EMEA,2024-07-17
7ff612259be4,CUST-00327,Mccormick Ltd,SMB,North America,2023-07-06
a4db758469be,CUST-00328,Davis-Gregory,Enterprise,APAC,2023-05-12
6b240fd640b6,CUST-00329,"York, Brandt and Morrison",Enterprise,North America,2022-12-16
5465afdd9e84,CUST-00330,Aguilar and Sons,Mid-Market,LATAM,2025-04-03
fe37611f0df8,CUST-00331,Ponce-Hale,Mid-Market,EMEA,2023-09-07
d37ff89ac9e5,CUST-00332,"Fletcher, Miller and Hansen",Enterprise,EMEA,2024-06-08
af37262a5119,CUST-00333,Li-Santiago,Enterprise,APAC,2024-12-28
820b39742427,CUST-00334,"Osborn, Gaines and Davis",SMB,North America,2024-07-08
c35aec8b0a43,CUST-00335,"Cox, Cox and White",SMB,North America,2023-02-24
de9bcb102e05,CUST-00336,Lee-Cooke,Mid-Market,LATAM,2022-12-21
54f793231428,CUST-00337,Richard-Garcia,SMB,APAC,2024-10-26
c2d7e2288b91,CUST-00338,"Stephenson, Johnson and Rogers",Enterprise,APAC,2024-10-21
41b22831a537,CUST-00339,Harper and Sons,Enterprise,LATAM,2022-12-29
28e5fe97d5d5,CUST-00340,"Wise, Lamb and Martin",Mid-Market,North America,2023-10-27
6668e6935417,CUST-00341,Diaz-Ball,Mid-Market,APAC,2025-05-31
304b842e00f7,CUST-00342,"Mitchell, Goodman and Cole",SMB,LATAM,2024-02-09
e2bf6bbf0714,CUST-00343,Sheppard-Mueller,SMB,EMEA,2025-03-20
0da75bb5ddbd,CUST-00344,Richardson PLC,Mid-Market,EMEA,2025-06-16
b78b5082223f,CUST-00345,Hammond-Strickland,SMB,APAC,2024-01-06
8755cf5bd915,CUST-00346,Burch-Montoya,SMB,LATAM,2024-11-28
28f75b816f29,CUST-00347,Salas Inc,Mid-Market,LATAM,2024-06-06
5977c99d272d,CUST-00348,Spencer-Garcia,SMB,APAC,2025-01-16
0adaf05cff01,CUST-00349,Mitchell and Sons,Mid-Market,EMEA,2023-04-29
70f9ff267988,CUST-00350,"Hernandez, Kim and Potts",Enterprise,APAC,2023-03-05
85a0e5ebc4c6,CUST-00351,Wilkerson-Arias,Mid-Market,EMEA,2023-10-02
7b22ca8eb3c6,CUST-00352,Shaw-Young,Mid-Market,LATAM,2025-06-28
504eb7864f95,CUST-00353,Walker-Flores,Mid-Market,North America,2022-10-21
814370fb2e99,CUST-00354,"Santos, Moody and Taylor",Mid-Market,APAC,2023-05-15
eaae120471d9,CUST-00355,Horton-Taylor,Enterprise,LATAM,2024-08-15
5c4eeceb4135,CUST-00356,Gilbert-Bullock,Enterprise,APAC,2022-07-25
260b9ea2b3e9,CUST-00357,Conley PLC,Mid-Market,APAC,2025-04-29
c8cde9b01b61,CUST-00358,"Rose, Rodriguez and Roberts",Mid-Market,APAC,2023-05-30
43b9da0733bc,CUST-00359,Allen Ltd,SMB,North America,2024-11-20
90680587e01d,CUST-00360,Brown-Copeland,SMB,EMEA,2024-01-03
7de219b4c59b,CUST-00361,"Smith, Robertson and Allen",Enterprise,EMEA,2022-12-09
024d63f4e95f,CUST-00362,Smith-Gomez,SMB,LATAM,2024-03-20
ce9ccbe3ef96,CUST-00363,Beck Inc,Mid-Market,EMEA,2024-01-29
d64c5a2d5d57,CUST-00364,Jones-Fox,SMB,LATAM,2024-01-11
2eb920400529,CUST-00365,"Spencer, Myers and Harrison",SMB,LATAM,2024-05-31
c22870e4d423,CUST-00366,King-Smith,Mid-Market,North America,2024-11-14
a5a9ee5c50db,CUST-00367,Allen-Sandoval,Enterprise,APAC,2022-10-26
30f44b6cd009,CUST-00368,"Moss, Cook and Williams",Enterprise,LATAM,2024-02-22
db75c7a4efaf,CUST-00369,"Thompson, Maxwell and Marshall",SMB,EMEA,2024-08-04
2efbc894d09a,CUST-00370,"White, Taylor and Baldwin",Mid-Market,APAC,2025-05-03
35d2bcc3b32d,CUST-00371,Carter Inc,Mid-Market,APAC,2024-11-17
84be5dfe2fa4,CUST-00372,Stewart LLC,Mid-Market,APAC,2024-01-20
222c987b8030,CUST-00373,"Kennedy, Johnson and Lucas",Mid-Market,LATAM,2023-05-14
d0763dbc7878,CUST-00374,Glenn LLC,Mid-Market,APAC,2023-04-30
c79fa85ca59f,CUST-00375,Kim-Ross,Mid-Market,EMEA,2023-10-29
2973443ff039,CUST-00376,Morgan-Lopez,Enterprise,EMEA,2024-07-31
41592f4adbae,CUST-00377,Glass-Stone,Mid-Market,North America,2024-11-28
638839993d7d,CUST-00378,"Coleman, Jordan and Carney",SMB,EMEA,2023-01-18
f9550930b52b,CUST-00379,Morris-Miller,Enterprise,EMEA,2024-06-27
c1ae1f1bf1b4,CUST-00380,Griffin-Robbins,SMB,LATAM,2023-01-03
04fbcf2800d2,CUST-00381,Bell-Williams,Mid-Market,APAC,2025-02-11
2a65da67ea77,CUST-00382,Mendez-Graham,Enterprise,EMEA,2024-06-04
7617269ab3f9,CUST-00383,Jones Ltd,Mid-Market,EMEA,2023-09-22
dd60070ae6d7,CUST-00384,"Owen, Shelton and Cisneros",Mid-Market,EMEA,2022-12-08
a8ecf6e58d6f,CUST-00385,"Gregory, Kim and Martinez",Mid-Market,North America,2023-03-20
d5426218f51d,CUST-00386,"Diaz, Reyes and Bradley",SMB,EMEA,2024-04-27
762ed830f02c,CUST-00387,"Cole, Watson and Wallace",Mid-Market,North America,2022-09-27
a3f866ecdb2f,CUST-00388,Moreno Group,Enterprise,APAC,2023-06-14
cece4f4ec9f9,CUST-00389,Wright-Wilson,SMB,EMEA,2024-09-17
7cc35866404a,CUST-00390,Holmes-Mcintyre,SMB,LATAM,2022-11-10
ff34b76a5460,CUST-00391,Padilla-Lewis,Enterprise,North America,2024-05-05
6698d3a3bab7,CUST-00392,"Hendricks, Henry and Martinez",SMB,APAC,2025-01-23
ea90c1ec77ea,CUST-00393,Thompson-Reeves,Mid-Market,LATAM,2025-07-01
c41afb62489a,CUST-00394,"Ponce, Downs and Contreras",Mid-Market,APAC,2024-08-19
94148f44670d,CUST-00395,"Daniels, Vance and York",Enterprise,North America,2024-08-22
9d063168f90d,CUST-00396,"Little, Leon and Hicks",Mid-Market,LATAM,2022-11-14
ed7bea6d52a1,CUST-00397,Conner and Sons,Enterprise,North America,2024-11-16
156d812df2f0,CUST-00398,Ward PLC,Mid-Market,LATAM,2023-08-12
ec795ed84f3d,CUST-00399,"Anderson, Henson and Jones",Enterprise,North America,2023-09-13
21dc8cb96a9e,CUST-00400,"Smith, Jones and Ware Corporation",Enterprise,APAC,2026-03-23
d294a1f97ef2,CUST-00401,"Leonard, Hawkins and Lynch Inc",Mid-Market,North America,2025-12-26
550a20aae29a,CUST-00402,"Young, Caldwell and Lewis Corporation",Enterprise,EMEA,2025-12-01
adf911a10b5c,CUST-00403,Powell PLC,SMB,LATAM,2025-11-30
5746bfd3b4db,CUST-00404,"Wilson, Hicks and Bullock Corporation",Mid-Market,APAC,2026-01-30
a4ea0449dd59,CUST-00405,Conner and Sons,Enterprise,North America,2025-08-18
c38e6920d97c,CUST-00406,Haney-Phillips,SMB,APAC,2025-10-28
c0863d73639c,CUST-00407,"Haynes, Hill and Smith",SMB,APAC,2025-07-31
768f525605f0,CUST-00408,"Sanchez, Beck and Wood Corp",Mid-Market,APAC,2025-12-21
271207f50ed3,CUST-00409,Gonzalez-Morrison Corp,Mid-Market,LATAM,2026-01-09
55a21ab8393e,CUST-00410,Holmes-Mcintyre Corporation,SMB,LATAM,2025-08-19
695aaa34caf1,CUST-00411,"Cruz, Carpenter and Best Corporation",Enterprise,North America,2026-05-03
